{
  "south": 36.78291565170319,
  "west": 30.565241371623134,
  "north": 36.900959851837484,
  "east": 30.66941537824165,
  "width_px": 353,
  "height_px": 400
}